Year, kWh, kvarh, "Peak kW", "peak kVA", "Losses kWh", "Losses kvarh", "Peak Losses kW"
0, 1135.43680869774, 486.474210871986, 1135.43680869774, 1235.26268639073, 7.44089057894906, 5.95070048169035, 7.44089057894906
